id;name;author;creation_date;price;image_url
1;wireless Table Granite;Executive Illinois;2020-11-15T13:03:28;88682;Assistant magnetic
2;Chair SQL;wireless Keyboard systems;2020-11-14T18:46:04;32264;Granite
3;National;customized Monitored;2020-11-15T00:42:03;28274;Borders Consultant Tactics
4;Rubber generate;exploit;2020-11-15T13:36:28;18219;Rue
5;Tasty Cotton Chair;portal Bedfordshire;2020-11-14T18:47:36;79202;Rubber Sharable
6;Plastic array Towels;Ball;2020-11-15T03:29:06;29545;Barbados Dollar Shoes Representative
7;bluetooth;quantify JBOD;2020-11-14T18:57:02;15105;Generic calculate Towels
8;Sports Fantastic Cotton Gloves;Credit Card Account Licensed killer;2020-11-15T02:32:06;70596;Sleek
9;action-items Arkansas;Berkshire Global Avon;2020-11-15T06:46:28;78782;panel Mission Intelligent Plastic Soap
10;Profit-focused Solutions withdrawal;indigo feed;2020-11-14T21:16:40;23239;array bus navigate
